{
  "locations": [
    {
      "name": "Mylapore - Downtown",
      "menus": {
        "regular": [
          {
            "dishName": "Idly",
            "description": "Soft and fluffy steamed rice cakes.",
            "quantityType": "piece"
          },
          {
            "dishName": "Vada",
            "description": "Crispy fried lentil fritters.",
            "quantityType": "piece"
          },
          {
            "dishName": "Pongal",
            "description": "A savory porridge made from rice and lentils.",
            "quantityType": "tray",
            "availableTrays": ["Half", "Medium", "Large"]
          },
          {
            "dishName": "Dosa",
            "description": "Thin, crispy crepe made from fermented rice and lentil batter.",
            "quantityType": "piece"
          },
          {
            "dishName": "Poori",
            "description": "Fluffy deep-fried bread.",
            "quantityType": "piece"
          },
          {
            "dishName": "Upma",
            "description": "Savory porridge made from semolina.",
            "quantityType": "tray",
            "availableTrays": ["Half", "Medium", "Large"]
          }
        ],
        "meals": [
          {
            "dishName": "Executive Thali",
            "description":"A complete and filling South Indian lunch typically served as a plated meal. Includes rice, sambar, rasam, vegetable curries, yogurt, and pickle. Guests usually consume only this meal without additional items.",
            "quantityType": "piece"
          },
          {
            "dishName": "Mini Tiffin",
            "description": "A sampler combo served for breakfast or light meals. Includes a small portion of multiple tiffin items such as mini idly, vada, pongal, and kesari.",
            "quantityType": "piece"
          }
        ]
      },
      "orderLeadTimeHours": 48
    },
    {
      "name": "Mylapore - Uptown",
      "menus": {
        "regular": [
          {
            "dishName": "Idly",
            "description": "Soft and fluffy steamed rice cakes.",
            "quantityType": "piece"
          },
          {
            "dishName": "Vada",
            "description": "Crispy fried lentil fritters.",
            "quantityType": "piece"
          },
          {
            "dishName": "Pongal",
            "description": "A savory porridge made from rice and lentils.",
            "quantityType": "tray",
            "availableTrays": ["Half", "Medium", "Large"]
          },
          {
            "dishName": "Masala Dosa",
            "description": "Dosa filled with spiced potato filling.",
            "quantityType": "piece"
          },
          {
            "dishName": "Vada Curry",
            "description": "Lentil fritters in a spicy gravy.",
            "quantityType": "tray",
            "availableTrays": ["Half", "Medium", "Large"]
          }
        ],
        "meals": [
          {
            "dishName": "Lunch Special",
            "description": "A lighter South Indian lunch set designed for buffet or plated service. Includes rice, sambar, one vegetable curry, and yogurt — ideal for weekday lunches.",
            "quantityType": "piece"
          }
        ]
      },
      "orderLeadTimeHours": 48
    }
  ]
}







